employee_id,name,department,city,salary,years_experience,performance_score,hire_date
1001,David Wanjiru,HR,Nakuru,132468.0,0,,2015-01-01
1002,Paul Wambui,Sales,Nairobi,122705.0,19,4.4,2015-01-19
1003,Ann Muthoni,HR,Mombasa,103477.0,16,3.1,2015-02-06
1004,David Omondi,Marketing,Mombasa,44388.0,11,1.7,2015-02-25
1005,George Achieng,HR,Nakuru,35569.0,14,2.2,2015-03-15
1006,Daniel Wambui,Engineering,Nairobi,99836.0,0,2.2,2015-04-02
1007,Grace Kariuki,Engineering,Eldoret,134573.0,13,2.6,2015-04-21
1008,Peter Njoroge,Marketing,Eldoret,66586.0,5,2.7,2015-05-09
1009,Mary Kariuki,Sales,Mombasa,42015.0,4,4.2,2015-05-27
1010,Ruth Kiptoo,Engineering,Nairobi,75002.0,10,2.4,2015-06-15
1011,Faith Otieno,Finance,Mombasa,146594.0,3,2.9,2015-07-03
1012,James Ochieng,Engineering,Kisumu,36254.0,12,3.5,2015-07-21
1013,Ruth Njeri,Engineering,Mombasa,47144.0,10,2.5,2015-08-09
1014,Joseph Wambui,Sales,Mombasa,54214.0,2,4.3,2015-08-27
1015,Joyce Ochieng,HR,Eldoret,135654.0,0,,2015-09-14
1016,Lucy Auma,Engineering,Eldoret,110719.0,5,2.2,2015-10-03
1017,Paul Kiptoo,Marketing,Eldoret,101774.0,17,3.9,2015-10-21
1018,George Ochieng,HR,Kisumu,36090.0,9,3.1,2015-11-08
1019,Nancy Njeri,Finance,Eldoret,41637.0,4,3.1,2015-11-27
1020,Peter Odhiambo,Sales,Nairobi,52415.0,9,2.9,2015-12-15
1021,George Achieng,Finance,Nakuru,54071.0,11,,2016-01-03
1022,Michael Achieng,HR,Nairobi,88243.0,1,,2016-01-21
1023,Mercy Wanjiru,HR,Nairobi,140951.0,12,1.4,2016-02-08
1024,Esther Otieno,HR,Eldoret,138215.0,7,2.3,2016-02-27
1025,Michael Omondi,Finance,Nakuru,71240.0,1,1.3,2016-03-16
1026,Mary Wanjiru,HR,Nakuru,113807.0,19,4.0,2016-04-03
1027,Paul Ochieng,Finance,Nakuru,131570.0,0,2.1,2016-04-22
1028,David Ochieng,HR,Kisumu,63434.0,4,4.6,2016-05-10
1029,Ann Auma,Marketing,Eldoret,99724.0,8,3.1,2016-05-28
1030,Peter Kiptoo,HR,Nakuru,145359.0,16,4.2,2016-06-16
1031,Joseph Wanjiru,Finance,Kisumu,105697.0,8,4.9,2016-07-04
1032,Mercy Kariuki,Engineering,Mombasa,58732.0,10,4.4,2016-07-22
1033,Grace Otieno,HR,Mombasa,41314.0,14,4.5,2016-08-10
1034,Faith Njoroge,Engineering,Kisumu,53954.0,5,2.6,2016-08-28
1035,Joyce Wanjiru,Marketing,Kisumu,87108.0,2,3.2,2016-09-15
1036,Mercy Omondi,Sales,Eldoret,117044.0,16,2.0,2016-10-04
1037,Ruth Otieno,Marketing,Eldoret,117505.0,4,1.8,2016-10-22
1038,Joyce Kiptoo,HR,Mombasa,141195.0,11,3.0,2016-11-10
1039,Grace Kiptoo,Engineering,Nakuru,133081.0,17,3.4,2016-11-28
1040,Lucy Auma,Engineering,Mombasa,66668.0,13,2.4,2016-12-16
1041,Ann Kiptoo,Finance,Nakuru,53061.0,10,3.3,2017-01-04
1042,Ann Odhiambo,Engineering,Nakuru,109252.0,8,4.5,2017-01-22
1043,Lucy Muthoni,Finance,Eldoret,69749.0,1,3.2,2017-02-09
1044,Mercy Auma,Sales,Nairobi,134680.0,11,3.9,2017-02-28
1045,Samuel Njeri,HR,Nairobi,46907.0,2,4.2,2017-03-18
1046,Paul Muthoni,Finance,Kisumu,48777.0,2,5.0,2017-04-05
1047,James Njeri,Sales,Eldoret,123229.0,0,3.4,2017-04-24
1048,David Njeri,Engineering,Nakuru,81745.0,7,4.2,2017-05-12
1049,James Ochieng,Engineering,Nairobi,138464.0,7,4.9,2017-05-30
1050,Ann Kariuki,Sales,Nakuru,121865.0,10,4.8,2017-06-18
1051,Daniel Kamau,Engineering,Nairobi,142428.0,8,1.6,2017-07-06
1052,Joseph Kariuki,Sales,Nairobi,111818.0,4,2.6,2017-07-24
1053,Peter Kamau,Finance,Nairobi,53624.0,13,,2017-08-12
1054,James Wambui,Finance,Eldoret,53321.0,2,1.3,2017-08-30
1055,John Omondi,Sales,Mombasa,40488.0,4,3.5,2017-09-17
1056,David Omondi,Finance,Nakuru,,4,3.9,2017-10-06
1057,Michael Ochieng,Finance,Eldoret,35240.0,18,4.4,2017-10-24
1058,David Njeri,Finance,Eldoret,73221.0,13,1.5,2017-11-12
1059,Ann Ochieng,Marketing,Eldoret,40478.0,3,4.5,2017-11-30
1060,Mary Mwangi,HR,Eldoret,85645.0,12,3.6,2017-12-18
1061,Lucy Achieng,Engineering,Eldoret,,9,3.8,2018-01-06
1062,John Kamau,Marketing,Kisumu,49262.0,17,4.6,2018-01-24
1063,Ruth Kariuki,Finance,Nakuru,148831.0,7,3.5,2018-02-11
1064,Peter Mwangi,Sales,Eldoret,82796.0,7,,2018-03-02
1065,Peter Odhiambo,Finance,Nakuru,34432.0,6,4.3,2018-03-20
1066,Paul Kiptoo,HR,Kisumu,125257.0,7,2.5,2018-04-07
1067,Peter Mwangi,Finance,Kisumu,94291.0,13,1.1,2018-04-26
1068,John Omondi,Sales,Nakuru,109104.0,18,4.3,2018-05-14
1069,Esther Achieng,HR,Nairobi,89399.0,5,2.4,2018-06-01
1070,Michael Auma,Finance,Mombasa,109714.0,0,4.1,2018-06-20
1071,Paul Omondi,HR,Nairobi,80428.0,14,2.5,2018-07-08
1072,Joyce Ochieng,Engineering,Nairobi,117731.0,0,4.4,2018-07-26
1073,Samuel Kamau,Engineering,Nairobi,30302.0,16,1.9,2018-08-14
1074,David Mwangi,Finance,Eldoret,112558.0,0,4.9,2018-09-01
1075,Nancy Muthoni,HR,Kisumu,30055.0,14,4.1,2018-09-20
1076,Grace Kiptoo,Sales,Nairobi,141317.0,1,1.5,2018-10-08
1077,John Achieng,Finance,Kisumu,38717.0,13,3.3,2018-10-26
1078,David Muthoni,Engineering,Nakuru,58699.0,7,4.9,2018-11-14
1079,Paul Wambui,Engineering,Mombasa,103686.0,7,2.9,2018-12-02
1080,Grace Muthoni,Finance,Nakuru,97661.0,18,,2018-12-20
1081,David Wambui,HR,Nakuru,74247.0,6,2.9,2019-01-08
1082,George Njoroge,Engineering,Eldoret,144049.0,18,3.0,2019-01-26
1083,Mary Omondi,HR,Mombasa,,5,4.0,2019-02-13
1084,Samuel Kiptoo,Engineering,Nakuru,135113.0,5,3.8,2019-03-04
1085,Faith Ochieng,Engineering,Nakuru,34621.0,2,2.6,2019-03-22
1086,Ruth Ochieng,Marketing,Mombasa,45034.0,6,1.9,2019-04-09
1087,Nancy Kiptoo,Engineering,Mombasa,141927.0,18,3.6,2019-04-28
1088,Daniel Omondi,Sales,Nakuru,35126.0,7,2.7,2019-05-16
1089,David Kiptoo,Finance,Mombasa,35122.0,9,1.5,2019-06-03
1090,James Mwangi,Finance,Nakuru,48030.0,19,4.6,2019-06-22
1091,Nancy Muthoni,HR,Nakuru,112838.0,14,3.8,2019-07-10
1092,Michael Kamau,Engineering,Eldoret,114717.0,14,3.7,2019-07-29
1093,David Njoroge,Sales,Nairobi,85658.0,0,4.3,2019-08-16
1094,Ann Wambui,HR,Nakuru,68638.0,19,3.1,2019-09-03
1095,Michael Kiptoo,Marketing,Kisumu,97067.0,6,4.3,2019-09-22
1096,John Mwangi,HR,Nairobi,136476.0,3,3.0,2019-10-10
1097,George Omondi,HR,Nairobi,148033.0,5,1.3,2019-10-28
1098,Ruth Kariuki,Engineering,Nairobi,135977.0,0,2.6,2019-11-16
1099,Paul Wambui,Marketing,Eldoret,118869.0,4,3.0,2019-12-04
1100,Michael Wanjiru,HR,Nakuru,135186.0,0,3.9,2019-12-22
1101,Joseph Kiptoo,Sales,Eldoret,64674.0,3,1.4,2020-01-10
1102,Joseph Omondi,Sales,Nakuru,65854.0,1,1.6,2020-01-28
1103,Nancy Ochieng,Finance,Eldoret,76271.0,9,2.1,2020-02-15
1104,David Otieno,Marketing,Eldoret,103688.0,4,2.1,2020-03-05
1105,Peter Mwangi,Marketing,Kisumu,68518.0,9,3.9,2020-03-23
1106,John Mwangi,Finance,Eldoret,141076.0,0,2.0,2020-04-10
1107,Joseph Wambui,HR,Mombasa,40267.0,5,3.5,2020-04-29
1108,Joseph Otieno,Marketing,Kisumu,120825.0,12,3.0,2020-05-17
1109,Mary Ochieng,Sales,Eldoret,31062.0,14,3.3,2020-06-04
1110,John Mwangi,Sales,Nairobi,146664.0,3,4.4,2020-06-23
1111,James Kamau,Engineering,Mombasa,80448.0,12,2.6,2020-07-11
1112,Mary Odhiambo,Marketing,Mombasa,125462.0,19,4.1,2020-07-30
1113,Ruth Omondi,HR,Mombasa,36229.0,14,2.7,2020-08-17
1114,Faith Achieng,Finance,Kisumu,86793.0,7,2.4,2020-09-04
1115,Grace Achieng,Finance,Eldoret,144813.0,4,4.8,2020-09-23
1116,Daniel Kariuki,HR,Eldoret,77915.0,14,1.7,2020-10-11
1117,Joseph Auma,Engineering,Nairobi,34632.0,3,1.4,2020-10-29
1118,Faith Kariuki,Finance,Nairobi,134592.0,11,4.1,2020-11-17
1119,John Wanjiru,Marketing,Mombasa,33596.0,12,1.3,2020-12-05
1120,Mary Njoroge,Engineering,Nairobi,139779.0,1,4.3,2020-12-23
1121,Daniel Auma,Marketing,Kisumu,36168.0,18,2.7,2021-01-11
1122,Lucy Mwangi,Sales,Eldoret,138099.0,18,4.7,2021-01-29
1123,Michael Ochieng,Engineering,Mombasa,37561.0,3,3.9,2021-02-16
1124,Faith Muthoni,Finance,Nairobi,103794.0,3,3.4,2021-03-07
1125,Peter Wanjiru,Engineering,Kisumu,112152.0,10,4.8,2021-03-25
1126,Grace Kamau,Engineering,Kisumu,56734.0,4,2.6,2021-04-12
1127,Peter Auma,Engineering,Nairobi,36371.0,19,4.8,2021-05-01
1128,George Wanjiru,Engineering,Eldoret,148894.0,10,,2021-05-19
1129,David Wanjiru,Marketing,Nairobi,,9,2.9,2021-06-07
1130,Michael Mwangi,Sales,Mombasa,109905.0,7,2.1,2021-06-25
1131,Ann Achieng,HR,Nairobi,42910.0,5,,2021-07-13
1132,Mercy Kariuki,Engineering,Kisumu,,5,1.6,2021-08-01
1133,James Wambui,Finance,Nairobi,107735.0,7,4.4,2021-08-19
1134,Mercy Achieng,Engineering,Eldoret,111264.0,14,4.4,2021-09-06
1135,Joyce Kamau,Finance,Nakuru,53275.0,13,4.8,2021-09-25
1136,David Ochieng,Marketing,Nairobi,102274.0,10,1.6,2021-10-13
1137,Lucy Omondi,Finance,Eldoret,111449.0,11,3.5,2021-10-31
1138,Lucy Njeri,HR,Eldoret,130776.0,12,2.9,2021-11-19
1139,Nancy Ochieng,Sales,Kisumu,90004.0,7,2.4,2021-12-07
1140,Joseph Otieno,Finance,Eldoret,92981.0,17,2.4,2021-12-25
1141,James Kiptoo,Finance,Eldoret,114659.0,0,2.7,2022-01-13
1142,Ruth Odhiambo,Sales,Eldoret,84553.0,14,3.8,2022-01-31
1143,John Wambui,HR,Eldoret,78447.0,7,3.4,2022-02-18
1144,Michael Njeri,Engineering,Mombasa,64529.0,10,,2022-03-09
1145,Peter Kamau,Finance,Mombasa,105703.0,11,1.3,2022-03-27
1146,Lucy Kamau,Sales,Kisumu,106090.0,11,1.3,2022-04-15
1147,Nancy Kariuki,Marketing,Nairobi,47260.0,3,1.0,2022-05-03
1148,James Kariuki,Sales,Eldoret,142581.0,15,,2022-05-21
1149,Nancy Wambui,Marketing,Nairobi,,3,1.0,2022-06-09
1150,Joseph Kariuki,HR,Nairobi,58024.0,4,1.4,2022-06-27
1151,Grace Njoroge,Engineering,Kisumu,88656.0,4,2.3,2022-07-15
1152,Ann Wanjiru,Sales,Eldoret,146148.0,7,4.2,2022-08-03
1153,Peter Kiptoo,Finance,Eldoret,57285.0,9,4.8,2022-08-21
1154,Peter Njeri,HR,Nakuru,,16,,2022-09-08
1155,Mercy Kiptoo,Sales,Nairobi,146421.0,8,3.8,2022-09-27
1156,Mercy Otieno,Finance,Nairobi,31605.0,18,3.1,2022-10-15
1157,Peter Muthoni,Sales,Mombasa,101158.0,13,1.3,2022-11-02
1158,Michael Wanjiru,Marketing,Nakuru,102303.0,7,4.8,2022-11-21
1159,James Wanjiru,Sales,Mombasa,57139.0,8,4.0,2022-12-09
1160,James Kiptoo,Sales,Mombasa,107149.0,10,3.6,2022-12-27
1161,Lucy Wanjiru,Sales,Mombasa,86138.0,0,4.0,2023-01-15
1162,Ann Achieng,HR,Kisumu,148205.0,13,,2023-02-02
1163,Peter Mwangi,Sales,Kisumu,106125.0,4,,2023-02-20
1164,James Ochieng,Finance,Mombasa,43918.0,13,4.9,2023-03-11
1165,George Njoroge,Marketing,Nakuru,115655.0,3,4.6,2023-03-29
1166,Esther Kiptoo,Marketing,Nairobi,57446.0,0,3.6,2023-04-17
1167,Faith Njoroge,Sales,Nakuru,43046.0,18,3.8,2023-05-05
1168,Samuel Kamau,HR,Eldoret,,7,1.2,2023-05-23
1169,Ann Wambui,HR,Kisumu,130894.0,14,3.7,2023-06-11
1170,Mary Odhiambo,Finance,Nairobi,145751.0,14,1.2,2023-06-29
1171,James Ochieng,Sales,Nairobi,34324.0,8,3.4,2023-07-17
1172,Paul Mwangi,Marketing,Eldoret,106323.0,8,5.0,2023-08-05
1173,John Ochieng,HR,Eldoret,39111.0,9,3.2,2023-08-23
1174,Lucy Kamau,Sales,Mombasa,68110.0,19,2.9,2023-09-10
1175,Grace Kamau,HR,Kisumu,46389.0,8,2.3,2023-09-29
1176,Joseph Mwangi,HR,Kisumu,71427.0,2,1.5,2023-10-17
1177,Ruth Ochieng,Marketing,Nakuru,109579.0,19,3.9,2023-11-04
1178,Esther Odhiambo,Engineering,Mombasa,58746.0,10,1.8,2023-11-23
1179,Faith Kamau,Finance,Mombasa,117886.0,5,1.5,2023-12-11
1180,Michael Odhiambo,Finance,Mombasa,137141.0,1,2.7,2023-12-29
1181,Joseph Kiptoo,Marketing,Mombasa,30117.0,6,4.2,2024-01-17
1182,Peter Ochieng,HR,Kisumu,142221.0,17,4.0,2024-02-04
1183,James Wanjiru,Sales,Kisumu,114471.0,1,1.2,2024-02-23
1184,James Kamau,HR,Mombasa,142613.0,16,2.8,2024-03-12
1185,Mercy Njeri,Marketing,Nakuru,43234.0,10,3.1,2024-03-30
1186,Joyce Auma,Finance,Nairobi,133864.0,11,3.6,2024-04-18
1187,Peter Kariuki,HR,Nairobi,83441.0,18,3.6,2024-05-06
1188,Esther Kariuki,Finance,Nakuru,30846.0,6,2.5,2024-05-24
1189,Mercy Auma,Sales,Mombasa,40954.0,19,3.2,2024-06-12
1190,Mary Auma,Finance,Kisumu,109239.0,5,2.9,2024-06-30
1191,Joyce Otieno,Finance,Nairobi,143689.0,0,,2024-07-18
1192,Joseph Kariuki,Engineering,Eldoret,76514.0,16,3.1,2024-08-06
1193,James Njeri,Engineering,Eldoret,118236.0,10,2.8,2024-08-24
1194,Daniel Njoroge,Engineering,Nakuru,127579.0,17,2.6,2024-09-11
1195,Lucy Achieng,Finance,Mombasa,36469.0,16,3.3,2024-09-30
1196,Joyce Achieng,Marketing,Nairobi,60105.0,6,4.2,2024-10-18
1197,Peter Otieno,Finance,Mombasa,72101.0,16,3.2,2024-11-05
1198,Samuel Ochieng,Marketing,Nairobi,94323.0,19,3.6,2024-11-24
1199,David Njeri,Marketing,Nakuru,121922.0,8,4.0,2024-12-12
1200,Grace Muthoni,Engineering,Nakuru,88067.0,16,3.1,2024-12-31
1059,Ann Ochieng,Marketing,Eldoret,40478.0,3,4.5,2017-11-30
1041,Ann Kiptoo,Finance,Nakuru,53061.0,10,3.3,2017-01-04
1035,Joyce Wanjiru,Marketing,Kisumu,87108.0,2,3.2,2016-09-15
1103,Nancy Ochieng,Finance,Eldoret,76271.0,9,2.1,2020-02-15
1185,Mercy Njeri,Marketing,Nakuru,43234.0,10,3.1,2024-03-30
